Date,"Tesla, Inc.","Elon Musk"
2019-03-23,6385,27257
2019-03-24,6693,28666
2019-03-25,7432,27867
2019-03-26,7077,27929
2019-03-27,7002,28664
2019-03-28,6852,26870
2019-03-29,6158,24047
2019-03-30,5666,23589
2019-03-31,6243,29348
2019-04-01,7359,38662
2019-04-02,7148,32667
2019-04-03,6656,28141
2019-04-04,8829,33659
2019-04-05,7090,32708
2019-04-06,5889,26798
2019-04-07,6515,26691
2019-04-08,7101,26592
2019-04-09,7055,26237
2019-04-10,6469,26090
2019-04-11,6716,26972
2019-04-12,6947,38571
2019-04-13,6075,33940
2019-04-14,6496,32701
2019-04-15,6689,28325
2019-04-16,6675,27899
2019-04-17,7128,27110
2019-04-18,6131,25404
2019-04-19,5708,28623
2019-04-20,6055,33153
2019-04-21,6448,35379
2019-04-22,8220,33348
2019-04-23,9407,35144
2019-04-24,9150,33383
2019-04-25,9578,33637
2019-04-26,7658,29158
2019-04-27,6725,30161
2019-04-28,6788,27773
2019-04-29,6956,27068
2019-04-30,6709,26559
2019-05-01,7136,25905
2019-05-02,7564,29189
2019-05-03,7355,30612
2019-05-04,6129,29476
2019-05-05,6574,27485
2019-05-06,6777,26735
2019-05-07,6558,25792
2019-05-08,7211,26507
2019-05-09,7081,28151
2019-05-10,7223,33728
2019-05-11,6602,34789
2019-05-12,7052,31305
2019-05-13,6983,27809
2019-05-14,6783,26276
2019-05-15,6735,27812
2019-05-16,6840,28610
2019-05-17,6664,31382
2019-05-18,5945,28743
2019-05-19,6099,27027
2019-05-20,7247,30145
2019-05-21,7920,31865
2019-05-22,8295,30498
2019-05-23,7438,27899
2019-05-24,7384,31014
2019-05-25,6043,26833
2019-05-26,6552,28176
2019-05-27,6763,26179
2019-05-28,6896,25739
2019-05-29,7328,25068
2019-05-30,6482,26188
2019-05-31,6176,24631
2019-06-01,5209,21475
2019-06-02,5835,21884
2019-06-03,6750,21848
2019-06-04,6702,21868
2019-06-05,6141,24153
2019-06-06,5922,20301
2019-06-07,5901,19777
2019-06-08,5356,18684
2019-06-09,5364,20944
2019-06-10,5575,20507
2019-06-11,5881,21278
2019-06-12,6955,22085
2019-06-13,6594,28239
2019-06-14,6320,26582
2019-06-15,5770,24348
2019-06-16,7000,27045
2019-06-17,7825,30748
2019-06-18,6562,26832
2019-06-19,6909,24088
2019-06-20,6519,22563
2019-06-21,5625,22035
2019-06-22,5088,20789
2019-06-23,6463,24676
2019-06-24,6794,24661
2019-06-25,8663,25168
2019-06-26,7116,22848
2019-06-27,5984,22036
2019-06-28,6198,34406
2019-06-29,5160,26154
2019-06-30,5850,23118
2019-07-01,5836,22424
2019-07-02,6237,20250
2019-07-03,7601,22881
2019-07-04,6752,19699
2019-07-05,6785,19246
2019-07-06,6098,18708
2019-07-07,7167,20789
2019-07-08,7175,20115
2019-07-09,6281,20145
2019-07-10,7071,29229
2019-07-11,6224,21922
2019-07-12,6758,22416
2019-07-13,5757,21430
2019-07-14,6557,24090
2019-07-15,6480,23647
2019-07-16,6812,27580
2019-07-17,7587,45796
2019-07-18,7507,46675
2019-07-19,6936,36250
2019-07-20,6605,32627
2019-07-21,7001,44064
2019-07-22,7636,40880
2019-07-23,6983,33876
2019-07-24,7558,30206
2019-07-25,10557,32764
2019-07-26,8406,31191
2019-07-27,7533,28458
2019-07-28,7519,29691
2019-07-29,7537,28066
2019-07-30,7249,26274
2019-07-31,6501,26446
2019-08-01,6155,24721
2019-08-02,6144,22631
2019-08-03,5702,21576
2019-08-04,5852,21703
2019-08-05,5839,20731
2019-08-06,5979,21865
2019-08-07,5921,22443
2019-08-08,6172,20980
2019-08-09,5547,20588
2019-08-10,5057,19751
2019-08-11,5833,22876
2019-08-12,6180,22109
2019-08-13,6117,22199
2019-08-14,6105,21102
2019-08-15,5507,19823
2019-08-16,5706,22725
2019-08-17,5570,24112
2019-08-18,6095,23157
2019-08-19,6244,23703
2019-08-20,6722,25974
2019-08-21,6703,26350
2019-08-22,6673,22964
2019-08-23,6201,21548
2019-08-24,5673,20155
2019-08-25,6000,20960
2019-08-26,6284,22713
2019-08-27,6089,21545
2019-08-28,6268,21871
2019-08-29,6286,26987
2019-08-30,6244,24358
2019-08-31,7053,21194
2019-09-01,6091,23110
2019-09-02,5916,24171
2019-09-03,5870,23935
2019-09-04,6287,22540
2019-09-05,6518,22744
2019-09-06,6671,23606
2019-09-07,6128,24342
2019-09-08,6259,24204
2019-09-09,7061,27818
2019-09-10,7874,27294
2019-09-11,7702,25485
2019-09-12,7268,26067
2019-09-13,6918,24129
2019-09-14,6154,21888
2019-09-15,6881,23192
2019-09-16,7170,25336
2019-09-17,8316,30661
2019-09-18,7640,26246
2019-09-19,7623,24042
2019-09-20,6878,26241
2019-09-21,6046,21791
2019-09-22,6791,22210
2019-09-23,7687,25453
2019-09-24,7764,24965
2019-09-25,7521,26444
2019-09-26,7622,25432
2019-09-27,7684,23884
2019-09-28,6600,22177
2019-09-29,7774,40358
2019-09-30,8507,43121
2019-10-01,8014,32455
2019-10-02,8213,28434
2019-10-03,8617,27359
2019-10-04,6930,24966
2019-10-05,6456,22368
2019-10-06,7927,23532
2019-10-07,8674,25377
2019-10-08,7895,26142
2019-10-09,7686,25141
2019-10-10,7490,24537
2019-10-11,7276,22841
2019-10-12,6315,19777
2019-10-13,6822,22674
2019-10-14,7986,33307
2019-10-15,7771,26771
2019-10-16,7847,24736
2019-10-17,7848,24128
2019-10-18,7356,23058
2019-10-19,6425,20618
2019-10-20,7242,21043
2019-10-21,7617,22350
2019-10-22,7578,25732
2019-10-23,8365,24866
2019-10-24,10840,27212
2019-10-25,8928,22611
2019-10-26,7183,21992
2019-10-27,7693,31960
2019-10-28,7931,27289
2019-10-29,8286,25594
2019-10-30,8807,40859
2019-10-31,7671,32926
2019-11-01,6474,25481
2019-11-02,6627,25323
2019-11-03,7497,27148
2019-11-04,8061,25984
2019-11-05,7754,24707
2019-11-06,7825,26009
2019-11-07,7855,23684
2019-11-08,6993,23037
2019-11-09,6022,21183
2019-11-10,6564,23249
2019-11-11,7276,25107
2019-11-12,7980,26436
2019-11-13,13072,35145
2019-11-14,10329,29321
2019-11-15,6937,24192
2019-11-16,6012,22872
2019-11-17,6607,23750
2019-11-18,8123,24887
2019-11-19,7989,23729
2019-11-20,7774,24033
2019-11-21,8708,25053
2019-11-22,24806,73829
2019-11-23,22629,91101
2019-11-24,26187,85714
2019-11-25,28231,84730
2019-11-26,19846,70106
2019-11-27,16533,60360
2019-11-28,14028,52343
2019-11-29,11772,44711
2019-11-30,10764,40799
2019-12-01,11114,40032
2019-12-02,11165,39350
2019-12-03,10815,43148
2019-12-04,10956,51054
2019-12-05,10652,50419
2019-12-06,9332,48950
2019-12-07,9654,58136
2019-12-08,9397,38441
2019-12-09,9531,38123
2019-12-10,9241,34937
2019-12-11,8798,36918
2019-12-12,8647,34019
2019-12-13,7975,35083
2019-12-14,6967,32795
2019-12-15,7201,31666
2019-12-16,7797,26450
2019-12-17,7648,25683
2019-12-18,7600,26231
2019-12-19,7167,23021
2019-12-20,7042,21305
2019-12-21,6237,21594
2019-12-22,7903,40649
2019-12-23,8495,57988
2019-12-24,7866,35518
2019-12-25,6967,26905
2019-12-26,7539,26112
2019-12-27,8279,25981
2019-12-28,7826,31957
2019-12-29,7787,35238
2019-12-30,9128,36101
2019-12-31,7348,28073
2020-01-01,7010,28496
2020-01-02,8942,29316
2020-01-03,10138,26477
2020-01-04,8801,25696
2020-01-05,8731,27560
2020-01-06,8576,26239
2020-01-07,10650,36245
2020-01-08,11062,46901
2020-01-09,13823,148682
2020-01-10,10480,96203
2020-01-11,8483,60376
2020-01-12,8368,44941
2020-01-13,10339,40705
2020-01-14,11451,38267
2020-01-15,10153,34095
2020-01-16,9477,30975
2020-01-17,8729,30343
2020-01-18,7435,31808
2020-01-19,12391,37411
2020-01-20,10562,38347
2020-01-21,9917,37312
2020-01-22,12546,41359
2020-01-23,13959,42641
2020-01-24,10348,35995
2020-01-25,8103,27265
2020-01-26,7917,26340
2020-01-27,8248,25681
2020-01-28,8293,25065
2020-01-29,9716,27163
2020-01-30,13463,35094
2020-01-31,9963,44072
2020-02-01,8285,50228
2020-02-02,8538,54803
2020-02-03,11521,42126
2020-02-04,19823,57766
2020-02-05,16947,57994
2020-02-06,12910,43931
2020-02-07,10055,40466
2020-02-08,8343,39256
2020-02-09,8925,41090
2020-02-10,10201,40515
2020-02-11,10348,36491
2020-02-12,9644,35999
2020-02-13,9833,33373
2020-02-14,8190,29521
2020-02-15,8000,29915
2020-02-16,8603,31156
2020-02-17,9023,30906
2020-02-18,9541,35671
2020-02-19,10129,39223
2020-02-20,10746,36620
2020-02-21,8926,43071
2020-02-22,7956,35351
2020-02-23,8370,40083
2020-02-24,9610,45237
2020-02-25,8567,37536
2020-02-26,8388,32872
2020-02-27,7873,32616
2020-02-28,7855,31310
2020-02-29,6673,30259
2020-03-01,6889,30857
2020-03-02,7367,27501
2020-03-03,7646,28060
2020-03-04,7492,28163
2020-03-05,7504,32986
2020-03-06,7386,49797
2020-03-07,6695,47610
2020-03-08,6382,35173
2020-03-09,7715,31807
2020-03-10,9192,37093
2020-03-11,7885,33273
2020-03-12,6883,25821
2020-03-13,5737,23422
2020-03-14,5418,22632
2020-03-15,5544,23175
2020-03-16,5784,19374
2020-03-17,5837,19962
2020-03-18,6605,20047
2020-03-19,6169,24365
2020-03-20,5687,25187
2020-03-21,5257,23566
2020-03-22,5645,24796
2020-03-23,5699,22862
2020-03-24,6074,28606
2020-03-25,6461,25766
2020-03-26,6344,26610
2020-03-27,6216,34595
2020-03-28,6226,31180
2020-03-29,6764,27447
2020-03-30,6354,26373
2020-03-31,6380,26220
2020-04-01,6670,26291
2020-04-02,7278,30346
2020-04-03,7284,28310
2020-04-04,6585,26272
2020-04-05,6801,26434
2020-04-06,6686,26141
2020-04-07,5926,25861
2020-04-08,6710,28773
2020-04-09,6348,24594
2020-04-10,6590,23972
2020-04-11,5931,23082
2020-04-12,5996,24112
2020-04-13,6446,24533
2020-04-14,6671,23538
2020-04-15,6870,24248
2020-04-16,7191,28095
2020-04-17,6944,29485
2020-04-18,7555,33211
2020-04-19,7156,37016
2020-04-20,8006,44302
2020-04-21,7275,42085
2020-04-22,7141,38995
2020-04-23,7000,39203
2020-04-24,6823,37516
2020-04-25,7079,38445
2020-04-26,7005,39143
2020-04-27,7508,39315
2020-04-28,8167,36989
2020-04-29,9788,57395
2020-04-30,11789,86620
2020-05-01,12436,106774
2020-05-02,15870,130996
2020-05-03,11609,72831
2020-05-04,9494,59491
2020-05-05,18142,586814
2020-05-06,24864,795486
2020-05-07,21653,587169
2020-05-08,17790,420053
2020-05-09,16753,277367
2020-05-10,19757,262326
2020-05-11,16301,191096
2020-05-12,24619,191436
2020-05-13,20454,139146
2020-05-14,15186,106717
2020-05-15,11172,92966
2020-05-16,9902,86327
2020-05-17,9830,82361
2020-05-18,13226,94571
2020-05-19,9012,73154
2020-05-20,8813,62238
2020-05-21,11345,58277
2020-05-22,8595,54991
2020-05-23,8275,60241
2020-05-24,8464,67058
2020-05-25,9840,143530
2020-05-26,11522,167007
2020-05-27,21241,413455
2020-05-28,13687,184399
2020-05-29,11717,115422
2020-05-30,26870,563452
2020-05-31,30564,546718
2020-06-01,16745,225673
2020-06-02,12072,135418
2020-06-03,10622,110834
2020-06-04,10186,96000
2020-06-05,10330,105004
2020-06-06,9811,89639
2020-06-07,9818,84323
2020-06-08,9744,68482
2020-06-09,10125,64865
2020-06-10,11642,61686
2020-06-11,11612,56349
2020-06-12,9411,50438
2020-06-13,8748,52369
2020-06-14,12076,52080
2020-06-15,8980,45593
2020-06-16,8446,55400
2020-06-17,8806,64927
2020-06-18,8488,59196
2020-06-19,7898,53014
2020-06-20,7770,54807
2020-06-21,7658,51724
2020-06-22,7626,43450
2020-06-23,7011,47706
2020-06-24,6806,37553
2020-06-25,7030,37767
2020-06-26,7197,39599
2020-06-27,7284,40412
2020-06-28,9127,72094
2020-06-29,8127,49138
2020-06-30,8055,37123
2020-07-01,11293,42883
2020-07-02,16243,51323
2020-07-03,11420,44818
2020-07-04,8625,43500
2020-07-05,11087,109091
2020-07-06,12114,79296
2020-07-07,11317,57696
2020-07-08,9334,50227
2020-07-09,9174,46403
2020-07-10,10721,47925
2020-07-11,12434,65363
2020-07-12,11377,52763
2020-07-13,13516,55103
2020-07-14,11612,52903
2020-07-15,10320,52016
2020-07-16,9443,56392
2020-07-17,8564,45434
2020-07-18,8100,44869
2020-07-19,8227,42529
2020-07-20,8690,44833
2020-07-21,10207,65956
2020-07-22,13000,70884
2020-07-23,18762,62623
2020-07-24,10393,52229
2020-07-25,11306,102111
2020-07-26,10484,102732
2020-07-27,10097,77642
2020-07-28,9642,72223
2020-07-29,9306,57257
2020-07-30,8777,47936
2020-07-31,7409,42096
2020-08-01,7225,43689
2020-08-02,10357,117806
2020-08-03,10079,87769
2020-08-04,8289,51543
2020-08-05,7979,44268
2020-08-06,7488,38597
2020-08-07,7419,38147
2020-08-08,7501,40599
2020-08-09,7492,39269
2020-08-10,7215,35530
2020-08-11,7427,34532
2020-08-12,8302,35131
2020-08-13,7901,32564
2020-08-14,7475,32294
2020-08-15,6557,30380
2020-08-16,7367,646227
2020-08-17,9113,83119
2020-08-18,11162,70177
2020-08-19,10545,57920
2020-08-20,10573,45228
2020-08-21,10700,40546
2020-08-22,9557,37561
2020-08-23,8770,38562
2020-08-24,10755,35732
2020-08-25,10694,35432
2020-08-26,9521,38090
2020-08-27,10841,56437
2020-08-28,10314,53065
2020-08-29,10442,77074
2020-08-30,10097,63387
2020-08-31,13317,59615
2020-09-01,15152,70411
2020-09-02,13535,67453
2020-09-03,11882,58027
2020-09-04,10238,52742
2020-09-05,9155,45142
2020-09-06,8886,43570
2020-09-07,8925,39365
2020-09-08,11439,40861
2020-09-09,12057,41840
2020-09-10,10693,40845
2020-09-11,9929,45118
2020-09-12,8601,40722
2020-09-13,8219,37171
2020-09-14,8828,36718
2020-09-15,9250,34691
2020-09-16,8495,32376
2020-09-17,8522,33642
2020-09-18,8493,32369
2020-09-19,7535,30367
2020-09-20,7967,32785
2020-09-21,10233,37303
2020-09-22,13009,41277
2020-09-23,13882,43239
2020-09-24,10523,34091
2020-09-25,8647,30454
2020-09-26,8050,30535
2020-09-27,8669,31983
2020-09-28,8808,31858
2020-09-29,9073,35382
2020-09-30,8158,32634
2020-10-01,7555,29698
2020-10-02,8573,29126
2020-10-03,7654,26968
2020-10-04,7797,28205
2020-10-05,7858,26358
2020-10-06,7603,26398
2020-10-07,9062,29286
2020-10-08,8193,27670
2020-10-09,7448,26059
2020-10-10,6750,26880
2020-10-11,7734,29044
2020-10-12,9423,27659
2020-10-13,7906,27765
2020-10-14,8141,26958
2020-10-15,9123,30884
2020-10-16,7591,29149
2020-10-17,6685,26821
2020-10-18,7822,29542
2020-10-19,8207,30233
2020-10-20,7815,29798
2020-10-21,8284,30119
2020-10-22,9318,30251
2020-10-23,7598,27144
2020-10-24,7268,26475
2020-10-25,7730,27529
2020-10-26,8078,27872
2020-10-27,7763,27108
2020-10-28,7660,27422
2020-10-29,7263,28110
2020-10-30,7107,31769
2020-10-31,6522,33794
2020-11-01,6767,30488
2020-11-02,7690,31730
2020-11-03,7632,29807
2020-11-04,6134,25316
2020-11-05,6514,26821
2020-11-06,7057,30052
2020-11-07,6615,32799
2020-11-08,6714,35390
2020-11-09,8194,37426
2020-11-10,7252,38657
2020-11-11,7197,36466
2020-11-12,7610,35404
2020-11-13,8172,55873
2020-11-14,7072,59394
2020-11-15,8065,63673
2020-11-16,11072,98917
2020-11-17,13525,76403
2020-11-18,12096,63169
2020-11-19,11323,53912
2020-11-20,9487,40775
2020-11-21,8385,38259
2020-11-22,8900,39899
2020-11-23,9474,38947
2020-11-24,23032,147788
2020-11-25,20600,127123
2020-11-26,13152,70502
2020-11-27,11271,59221
2020-11-28,10597,53843
2020-11-29,9944,47906
2020-11-30,10494,45445
2020-12-01,10678,45605
2020-12-02,10607,50460
2020-12-03,10299,50245
2020-12-04,9384,45189
2020-12-05,8611,46829
2020-12-06,8861,45106
2020-12-07,9519,42981
2020-12-08,11448,54438
2020-12-09,12960,91839
2020-12-10,12010,93467
2020-12-11,10050,61300
2020-12-12,9543,55540
2020-12-13,9842,53113
2020-12-14,10290,56409
2020-12-15,9898,47999
2020-12-16,9325,46801
2020-12-17,9298,53116
2020-12-18,9670,48275
2020-12-19,9609,48985
2020-12-20,10134,54398
2020-12-21,10992,48880
2020-12-22,10700,42839
2020-12-23,13650,48357
2020-12-24,10400,44365
2020-12-25,9101,41989
2020-12-26,9759,48798
2020-12-27,10178,50914
2020-12-28,12617,47938
2020-12-29,12673,45999
2020-12-30,11932,45161
2020-12-31,11048,43468
2021-01-01,10392,50670
2021-01-02,12527,55878
2021-01-03,14480,54266
2021-01-04,14115,48032
2021-01-05,13587,50404
2021-01-06,12751,49519
2021-01-07,40655,358696
2021-01-08,64512,561264
2021-01-09,41287,347695
2021-01-10,31481,265106
2021-01-11,28201,217842
2021-01-12,29399,212710
2021-01-13,32051,194133
2021-01-14,28150,166265
2021-01-15,21552,130771
2021-01-16,18768,122955
2021-01-17,17924,120845
2021-01-18,16780,107056
2021-01-19,15459,94041
2021-01-20,15426,90449
2021-01-21,14942,91778
2021-01-22,15170,117285
2021-01-23,14633,113987
2021-01-24,15412,108226
2021-01-25,14918,102942
2021-01-26,14534,96717
2021-01-27,16446,107143
2021-01-28,19541,103654
2021-01-29,18215,138691
2021-01-30,15317,122829
2021-01-31,14263,107472
2021-02-01,15099,116255
2021-02-02,17693,137815
2021-02-03,17173,130372
2021-02-04,14996,112561
2021-02-05,13352,91360
2021-02-06,16810,90583
2021-02-07,20796,102022
2021-02-08,21906,121239
2021-02-09,22224,119102
2021-02-10,18609,100008
2021-02-11,17517,107990
2021-02-12,16587,112878
2021-02-13,14317,92929
2021-02-14,14164,82734
2021-02-15,14583,83630
2021-02-16,13877,77391
2021-02-17,14256,77652
2021-02-18,13547,78730
2021-02-19,13019,80760
2021-02-20,12252,80971
2021-02-21,12280,79283
2021-02-22,13288,75352
2021-02-23,15269,87106
2021-02-24,14712,90971
2021-02-25,13487,82568
2021-02-26,13345,70749
2021-02-27,10915,70064
2021-02-28,11173,66513
2021-03-01,10859,59508
2021-03-02,11452,63023
2021-03-03,11775,78066
2021-03-04,12434,86122
2021-03-05,11898,100077
2021-03-06,10932,79695
2021-03-07,10661,67687
2021-03-08,11935,70774
2021-03-09,12218,78362
2021-03-10,11676,73697
2021-03-11,10854,63722
2021-03-12,10158,54494
2021-03-13,10917,52724
2021-03-14,9795,55488
2021-03-15,12843,60736
2021-03-16,12555,61562
2021-03-17,11146,53280
2021-03-18,10591,55376
2021-03-19,9724,48417
2021-03-20,9749,52143
2021-03-21,10536,54731
2021-03-22,11093,50923
2021-03-23,10198,46999
2021-03-24,11343,48130
2021-03-25,10693,47138
2021-03-26,9774,48314
2021-03-27,8916,41589
2021-03-28,9062,41916
2021-03-29,9149,41249
2021-03-30,9673,44087
2021-03-31,9500,45684
2021-04-01,9378,47234
2021-04-02,9798,41449
2021-04-03,9428,41141
2021-04-04,9155,42336
2021-04-05,10396,44619
2021-04-06,10257,43682
2021-04-07,10368,48283
2021-04-08,9933,46251
2021-04-09,9688,47128
2021-04-10,8838,49676
2021-04-11,9019,49589
2021-04-12,9683,54410
2021-04-13,9823,53592
2021-04-14,9484,52993
2021-04-15,8722,48786
2021-04-16,9180,60418
2021-04-17,8981,60474
2021-04-18,9207,53737
2021-04-19,10994,55406
2021-04-20,10164,55667
2021-04-21,9551,50444
2021-04-22,9696,48424
2021-04-23,9972,60772
2021-04-24,9306,64311
2021-04-25,10442,74650
2021-04-26,11425,67043
2021-04-27,12315,70047
2021-04-28,10521,67557
2021-04-29,9792,54268
2021-04-30,8799,50303
2021-05-01,8005,57264
2021-05-02,8925,71644
2021-05-03,10034,72116
2021-05-04,10026,92058
2021-05-05,9711,99017
2021-05-06,11664,96646
2021-05-07,10868,109521
2021-05-08,10669,154262
2021-05-09,19358,811822
2021-05-10,15857,421118
2021-05-11,13932,226407
2021-05-12,11878,162517
2021-05-13,14873,156410
2021-05-14,11497,117660
2021-05-15,9972,99051
2021-05-16,11400,102077
2021-05-17,15345,109626
2021-05-18,11582,88627
2021-05-19,11607,84931
2021-05-20,11140,79436
2021-05-21,9374,66623
2021-05-22,8736,62056
2021-05-23,8896,65920
2021-05-24,9188,58574
2021-05-25,9151,57818
2021-05-26,8433,52957
2021-05-27,8805,51824
2021-05-28,8305,46110
2021-05-29,7753,45699
2021-05-30,8296,46601
2021-05-31,8467,45340
2021-06-01,8033,42949
2021-06-02,8238,45805
2021-06-03,8951,50567
2021-06-04,8155,59051
2021-06-05,8429,54158
2021-06-06,11447,61069
2021-06-07,10698,53877
2021-06-08,8443,46132
2021-06-09,8415,43783
2021-06-10,8084,38777
2021-06-11,8278,39608
2021-06-12,7186,36611
2021-06-13,7448,38426
2021-06-14,8149,40764
2021-06-15,7215,44811
2021-06-16,7113,37018
2021-06-17,6971,35567
2021-06-18,6448,33552
2021-06-19,6349,32939
2021-06-20,6767,33356
2021-06-21,6676,34217
2021-06-22,6856,32087
2021-06-23,6412,28996
2021-06-24,6760,29872
2021-06-25,6514,31622
2021-06-26,6216,31085
2021-06-27,6688,51642
2021-06-28,7727,62175
2021-06-29,7065,45071
2021-06-30,6794,35647
2021-07-01,7900,37178
2021-07-02,7764,37516
2021-07-03,7044,36090
2021-07-04,7091,37519
2021-07-05,7652,37417
2021-07-06,8106,35938
2021-07-07,7713,33906
2021-07-08,7280,33701
2021-07-09,7538,35036
2021-07-10,7697,35220
2021-07-11,7667,50165
2021-07-12,8719,48304
2021-07-13,9131,45917
2021-07-14,8096,41195
2021-07-15,7727,43276
2021-07-16,7818,59921
2021-07-17,7552,53310
2021-07-18,7865,41713
2021-07-19,8080,38511
2021-07-20,8746,54058
2021-07-21,8570,51066
2021-07-22,8199,47902
2021-07-23,7908,41301
2021-07-24,7685,43948
2021-07-25,8047,43238
2021-07-26,9389,44965
2021-07-27,10571,42186
2021-07-28,7987,36998
2021-07-29,8190,35154
2021-07-30,7761,34349
2021-07-31,7963,39233
2021-08-01,7114,36010
2021-08-02,7691,35571
2021-08-03,7680,40647
2021-08-04,7170,39882
2021-08-05,7287,38204
2021-08-06,7061,36338
2021-08-07,6740,54287
2021-08-08,7352,57823
2021-08-09,8049,48939
2021-08-10,7746,43621
2021-08-11,6906,41133
2021-08-12,7156,42082
2021-08-13,6815,44630
2021-08-14,6419,39372
2021-08-15,6883,38793
2021-08-16,8422,37702
2021-08-17,8638,35528
2021-08-18,8541,34949
2021-08-19,8329,34584
2021-08-20,10060,43127
2021-08-21,8815,42469
2021-08-22,8393,45463
2021-08-23,8855,38553
2021-08-24,8383,40048
2021-08-25,7783,37290
2021-08-26,7368,33421
2021-08-27,7143,32944
2021-08-28,6874,32029
2021-08-29,7213,39369
2021-08-30,7511,34342
2021-08-31,7255,31635
2021-09-01,7254,30128
2021-09-02,7356,29363
2021-09-03,6747,28609
2021-09-04,6639,28323
2021-09-05,6928,30063
2021-09-06,7086,32413
2021-09-07,7541,33954
2021-09-08,7821,32381
2021-09-09,7933,31711
2021-09-10,7351,28995
2021-09-11,6823,27865
2021-09-12,7520,30132
2021-09-13,7581,31763
2021-09-14,7598,38439
2021-09-15,7624,39154
2021-09-16,8247,49324
2021-09-17,7663,49669
2021-09-18,7235,54226
2021-09-19,7505,55455
2021-09-20,7728,46088
2021-09-21,7391,40115
2021-09-22,7547,35657
2021-09-23,7583,38603
2021-09-24,8607,131549
2021-09-25,8646,162267
2021-09-26,8208,84244
2021-09-27,8520,60217
2021-09-28,8727,49720
2021-09-29,8476,55470
2021-09-30,8702,80094
2021-10-01,7576,46188
2021-10-02,7510,40829
2021-10-03,7925,59795
2021-10-04,9099,60588
2021-10-05,8673,57683
2021-10-06,7939,50767
2021-10-07,8488,48897
2021-10-08,11947,61996
2021-10-09,8805,49190
2021-10-10,8549,45357
2021-10-11,8981,46160
2021-10-12,9496,48855
2021-10-13,9079,44500
2021-10-14,8736,46773
2021-10-15,8209,36419
2021-10-16,7428,39689
2021-10-17,8213,43159
2021-10-18,9510,42660
2021-10-19,8943,40371
2021-10-20,9180,41891
2021-10-21,10450,49411
2021-10-22,9135,46994
2021-10-23,8633,46076
2021-10-24,8458,42408
2021-10-25,15830,48349
2021-10-26,24264,87811
2021-10-27,19598,90097
2021-10-28,16986,76302
2021-10-29,14605,72563
2021-10-30,12724,66735
2021-10-31,12269,63318
2021-11-01,16560,93854
2021-11-02,18222,113717
2021-11-03,14263,81865
2021-11-04,12996,70928
2021-11-05,11278,61278
2021-11-06,11061,64669
2021-11-07,14324,82768
2021-11-08,34652,91832
2021-11-09,17715,75197
2021-11-10,15852,69143
2021-11-11,17178,88356
2021-11-12,12995,62169
2021-11-13,13334,57616
2021-11-14,13561,76994
2021-11-15,16283,94692
2021-11-16,13753,75674
2021-11-17,12517,67530
2021-11-18,11415,70467
2021-11-19,10361,63133
2021-11-20,9725,69486
2021-11-21,10800,81836
2021-11-22,11140,71959
2021-11-23,10651,64909
2021-11-24,10645,68136
2021-11-25,9308,57132
2021-11-26,8953,50103
2021-11-27,8384,46533
2021-11-28,9648,46948
2021-11-29,10583,45512
2021-11-30,10312,47500
2021-12-01,10194,44667
2021-12-02,12013,46849
2021-12-03,10853,48237
2021-12-04,8676,46803
2021-12-05,8862,49776
2021-12-06,10325,50897
2021-12-07,11158,58707
2021-12-08,10400,65060
2021-12-09,9627,59517
2021-12-10,8990,55862
2021-12-11,8532,49258
2021-12-12,8358,48427
2021-12-13,10620,81573
2021-12-14,11916,104713
2021-12-15,15469,96372
2021-12-16,10996,79025
2021-12-17,9395,74380
2021-12-18,27223,68252
2021-12-19,9688,61899
2021-12-20,11780,70134
2021-12-21,10615,67853
2021-12-22,10932,80841
2021-12-23,13467,86371
2021-12-24,9937,61043
2021-12-25,8984,56742
2021-12-26,10087,58122
2021-12-27,9747,57761
2021-12-28,9656,66452
2021-12-29,9866,67761
2021-12-30,10874,65597
2021-12-31,9316,55054
2022-01-01,8425,58222
2022-01-02,10524,64157
2022-01-03,12768,59260
2022-01-04,12785,61482
2022-01-05,11357,59785
2022-01-06,10798,56313
2022-01-07,10062,51507
2022-01-08,9105,50021
2022-01-09,9154,49282
2022-01-10,9488,44576
2022-01-11,9349,46529
2022-01-12,8973,44199
2022-01-13,8950,43469
2022-01-14,8955,43385
2022-01-15,8026,42325
2022-01-16,8663,44882
2022-01-17,9959,55131
2022-01-18,9873,45197
2022-01-19,9362,45956
2022-01-20,8949,40640
2022-01-21,8446,39079
2022-01-22,7497,38035
2022-01-23,7569,37646
2022-01-24,9161,38708
2022-01-25,9234,40300
2022-01-26,10207,40558
2022-01-27,11765,49143
2022-01-28,10867,58713
2022-01-29,9149,48545
2022-01-30,8493,45562
2022-01-31,10324,49195
2022-02-01,9662,46689
2022-02-02,9105,45070
2022-02-03,9629,44595
2022-02-04,8618,44552
2022-02-05,8046,41426
2022-02-06,8464,41728
2022-02-07,9264,39460
2022-02-08,9752,40720
2022-02-09,9401,40818
2022-02-10,8917,40604
2022-02-11,8672,44267
2022-02-12,8114,40316
2022-02-13,7615,41885
2022-02-14,7750,34906
2022-02-15,8151,39339
2022-02-16,8174,40096
2022-02-17,8268,43530
2022-02-18,8613,46612
2022-02-19,8048,48536
2022-02-20,7688,43770
2022-02-21,7928,41707
2022-02-22,8726,41841
2022-02-23,8135,49599
2022-02-24,7484,41238
2022-02-25,6240,36278
2022-02-26,5550,36996
2022-02-27,7260,136922
2022-02-28,7509,79668
2022-03-01,7305,69087
2022-03-02,7604,51474
2022-03-03,7540,47455
2022-03-04,6685,44694
2022-03-05,7226,57586
2022-03-06,7242,68400
2022-03-07,7902,53141
2022-03-08,8233,43473
2022-03-09,8022,40864
2022-03-10,8975,155436
2022-03-11,8981,201704
2022-03-12,7390,115750
2022-03-13,7900,84622
2022-03-14,9409,111552
2022-03-15,9860,100529
2022-03-16,8986,72468
2022-03-17,9578,54174
2022-03-18,7466,44699
2022-03-19,7154,44572
2022-03-20,7967,45483
2022-03-21,8657,43582
2022-03-22,10082,44205
2022-03-23,10339,45589
2022-03-24,9580,41022
2022-03-25,8756,38673
2022-03-26,7415,38164
2022-03-27,7749,51896
2022-03-28,8584,46662
2022-03-29,8240,42404
2022-03-30,7880,36091
2022-03-31,7474,33873
2022-04-01,6916,32133
2022-04-02,6856,33241
2022-04-03,8166,37398
2022-04-04,15116,85584
2022-04-05,13520,189840
2022-04-06,11970,121578
2022-04-07,10336,80382
2022-04-08,11818,88529
2022-04-09,12360,89481
2022-04-10,12556,100754
2022-04-11,20818,125658
2022-04-12,13500,87768
2022-04-13,10542,90164
2022-04-14,24961,353597
2022-04-15,27753,407319
2022-04-16,19583,241771
2022-04-17,15362,180659
2022-04-18,16433,156160
2022-04-19,14773,139065
2022-04-20,13732,130985
2022-04-21,18050,133294
2022-04-22,14010,124156
2022-04-23,12525,115643
2022-04-24,13485,114793
2022-04-25,32430,542872
2022-04-26,51453,1050284
2022-04-27,34818,577219
2022-04-28,29946,474189
2022-04-29,24888,337649
2022-04-30,19161,275185
2022-05-01,17921,226820
2022-05-02,16942,176966
2022-05-03,16079,201898
2022-05-04,15312,170777
2022-05-05,13437,151959
2022-05-06,12817,136395
2022-05-07,10970,119589
2022-05-08,10934,110257
2022-05-09,11710,125065
2022-05-10,11346,114502
2022-05-11,12199,113272
2022-05-12,15630,97676
2022-05-13,11942,118290
2022-05-14,9955,94009
2022-05-15,10244,90009
2022-05-16,10784,104215
2022-05-17,12033,111590
2022-05-18,11960,108638
2022-05-19,11352,105869
2022-05-20,12465,131136
2022-05-21,11153,100921
2022-05-22,10073,82985
2022-05-23,9841,71537
2022-05-24,9389,63961
2022-05-25,8855,60159
2022-05-26,8165,64279
2022-05-27,8055,66655
2022-05-28,7692,64157
2022-05-29,7475,60986
2022-05-30,7894,58814
2022-05-31,8058,59875
2022-06-01,9750,74047
2022-06-02,10288,92423
2022-06-03,11840,75055
2022-06-04,9513,63963
2022-06-05,8568,60087
2022-06-06,8991,59096
2022-06-07,7919,52103
2022-06-08,7633,45438
2022-06-09,7370,41283
2022-06-10,7080,38243
2022-06-11,6304,38294
2022-06-12,6680,41204
2022-06-13,7589,41672
2022-06-14,7349,41816
2022-06-15,7792,48910
2022-06-16,7869,55273
2022-06-17,7476,51842
2022-06-18,6839,44795
2022-06-19,6778,43709
2022-06-20,7091,67051
2022-06-21,8768,220505
2022-06-22,7798,122167
2022-06-23,7226,68531
2022-06-24,6256,51379
2022-06-25,5677,38438
2022-06-26,6090,38289
2022-06-27,6214,36360
2022-06-28,6383,43653
2022-06-29,6260,36665
2022-06-30,5637,29912
2022-07-01,5356,30658
2022-07-02,5252,59331
2022-07-03,5798,53408
2022-07-04,5793,42467
2022-07-05,5525,30687
2022-07-06,5937,31202
2022-07-07,8013,196403
2022-07-08,6881,127928
2022-07-09,8332,124678
2022-07-10,7784,73421
2022-07-11,7646,65280
2022-07-12,6984,58200
2022-07-13,7460,59755
2022-07-14,7040,64592
2022-07-15,6951,120486
2022-07-16,6217,76681
2022-07-17,6001,57281
2022-07-18,6429,48222
2022-07-19,6792,54874
2022-07-20,7344,54892
2022-07-21,8442,53582
2022-07-22,7158,44021
2022-07-23,6112,40624
2022-07-24,6581,57147
2022-07-25,7677,86127
2022-07-26,6973,48789
2022-07-27,6174,36342
2022-07-28,6102,34416
2022-07-29,5761,32759
2022-07-30,5590,31518
2022-07-31,5818,32249
2022-08-01,6287,44237
2022-08-02,6317,42282
2022-08-03,5788,33149
2022-08-04,6261,31307
2022-08-05,6588,40455
2022-08-06,5842,36084
2022-08-07,6010,34568
2022-08-08,6105,33964
2022-08-09,5932,30274
2022-08-10,7505,34237
2022-08-11,6224,30290
2022-08-12,5815,28910
2022-08-13,5417,28211
2022-08-14,5926,28750
2022-08-15,6364,28258
2022-08-16,6164,28423
2022-08-17,7595,68944
2022-08-18,6587,36420
2022-08-19,5845,30836
2022-08-20,5500,28998
2022-08-21,5580,29465
2022-08-22,6159,32416
2022-08-23,6642,32041
2022-08-24,6383,31156
2022-08-25,6955,31003
2022-08-26,6348,32200
2022-08-27,5598,33428
2022-08-28,5906,35206
2022-08-29,6698,39166
2022-08-30,7170,41771
2022-08-31,6942,34753
2022-09-01,6542,29816
2022-09-02,5635,27356
2022-09-03,4995,27931
2022-09-04,5365,30316
2022-09-05,6280,29754
2022-09-06,6255,28675
2022-09-07,6188,29677
2022-09-08,6017,29778
2022-09-09,5914,29149
2022-09-10,5501,28535
2022-09-11,5742,29761
2022-09-12,6287,33169
2022-09-13,6226,34578
2022-09-14,6848,34206
2022-09-15,6536,31370
2022-09-16,6693,41214
2022-09-17,6044,38822
2022-09-18,5974,31906
2022-09-19,7073,32485
2022-09-20,6769,34572
2022-09-21,7009,36899
2022-09-22,8030,38245
2022-09-23,7264,33834
2022-09-24,6358,32108
2022-09-25,6415,33537
2022-09-26,7090,31846
2022-09-27,6971,30891
2022-09-28,6852,29207
2022-09-29,7129,31965
2022-09-30,6797,27820
2022-10-01,6957,31018
2022-10-02,7186,29015
2022-10-03,8369,35794
2022-10-04,9089,60190
2022-10-05,8854,68164
2022-10-06,7731,48403
2022-10-07,7745,39811
2022-10-08,6584,40053
2022-10-09,6918,39216
2022-10-10,7597,43944
2022-10-11,7766,44217
2022-10-12,8847,78043
2022-10-13,8242,53844
2022-10-14,8056,53051
2022-10-15,7154,49922
2022-10-16,7167,46364
2022-10-17,7353,41378
2022-10-18,7573,41234
2022-10-19,8676,56761
2022-10-20,10403,46507
2022-10-21,8495,48938
2022-10-22,8282,40472
2022-10-23,7338,38556
2022-10-24,7459,37777
2022-10-25,8124,40238
2022-10-26,9033,62594
2022-10-27,9919,89699
2022-10-28,23522,438990
2022-10-29,16018,239970
2022-10-30,13711,164374
2022-10-31,14096,158065
2022-11-01,13504,163824
2022-11-02,12529,130933
2022-11-03,13674,125532
2022-11-04,15462,179251
2022-11-05,15278,184201
2022-11-06,12506,124391
2022-11-07,15358,146071
2022-11-08,15373,124617
2022-11-09,14076,92310
2022-11-10,13129,96908
2022-11-11,15460,115626
2022-11-12,16574,101771
2022-11-13,16278,82026
2022-11-14,14220,82304
2022-11-15,13501,79643
2022-11-16,13418,87846
2022-11-17,12085,79610
2022-11-18,24822,195533
2022-11-19,17298,137294
2022-11-20,15567,126491
2022-11-21,15541,102520
2022-11-22,14415,84414
2022-11-23,13649,75905
2022-11-24,23326,69765
2022-11-25,18533,82619
2022-11-26,25946,76109
2022-11-27,25596,67311
2022-11-28,17795,66761
2022-11-29,16219,72853
2022-11-30,12909,60769
2022-12-01,12065,62660
2022-12-02,11497,63321
2022-12-03,10716,69425
2022-12-04,9398,66945
2022-12-05,8938,70995
2022-12-06,8291,60718
2022-12-07,8457,53322
2022-12-08,8788,56062
2022-12-09,7741,56030
2022-12-10,6801,52926
2022-12-11,7638,58315
2022-12-12,9323,80544
2022-12-13,10109,82360
2022-12-14,9797,75324
2022-12-15,11130,69542
2022-12-16,10983,90109
2022-12-17,9511,79409
2022-12-18,8438,66630
2022-12-19,12255,113551
2022-12-20,10042,79091
2022-12-21,11024,81053
2022-12-22,9109,50762
2022-12-23,8348,46529
2022-12-24,7231,44792
2022-12-25,6843,44776
2022-12-26,7464,47056
2022-12-27,9411,53182
2022-12-28,10748,55023
2022-12-29,9244,51094
2022-12-30,8411,46555
2022-12-31,7070,50011
2023-01-01,6914,51622
2023-01-02,8263,51593
2023-01-03,11352,49387
2023-01-04,10117,45710
2023-01-05,7916,43107
2023-01-06,7653,42883
2023-01-07,6983,39131
2023-01-08,7043,43538
2023-01-09,7217,43407
2023-01-10,7623,41572
2023-01-11,7591,43450
2023-01-12,7376,43630
2023-01-13,9641,38816
2023-01-14,8729,35994
2023-01-15,8241,35555
2023-01-16,7976,35824
2023-01-17,8949,37583
2023-01-18,8500,38450
2023-01-19,7966,38208
2023-01-20,7614,34795
2023-01-21,8075,36091
2023-01-22,9433,35271
2023-01-23,9002,36279
2023-01-24,8263,38864
2023-01-25,8540,36825
2023-01-26,9611,38032
2023-01-27,8168,37453
2023-01-28,7356,33017
2023-01-29,7126,33164
2023-01-30,7723,33890
2023-01-31,7777,34079
2023-02-01,7933,34078
2023-02-02,8444,35077
2023-02-03,8313,33522
2023-02-04,8475,36768
2023-02-05,8007,33971
2023-02-06,8544,36004
2023-02-07,7303,36308
2023-02-08,7474,33975
2023-02-09,7754,35670
2023-02-10,7883,34683
2023-02-11,6190,34090
2023-02-12,6143,33536
2023-02-13,7104,64002
2023-02-14,6746,42095
2023-02-15,7240,43056
2023-02-16,7543,40179
2023-02-17,13305,39410
2023-02-18,9343,35604
2023-02-19,8053,34758
2023-02-20,7660,33500
2023-02-21,7377,32763
2023-02-22,7326,33269
2023-02-23,8666,34400
2023-02-24,7184,32495
2023-02-25,6661,30618
2023-02-26,6621,34025
2023-02-27,7387,39119
2023-02-28,9263,47536
2023-03-01,9890,44782
2023-03-02,10082,41670
2023-03-03,9640,37159
2023-03-04,8383,36297
2023-03-05,8284,37200
2023-03-06,9326,38990
2023-03-07,9688,42513
2023-03-08,8782,46944
2023-03-09,7557,38123
2023-03-10,7503,36902
2023-03-11,6665,37510
2023-03-12,6485,37295
2023-03-13,6637,33580
2023-03-14,6612,33537
2023-03-15,6558,33410
2023-03-16,6353,32536
2023-03-17,6311,30878
2023-03-18,5569,36631
2023-03-19,6028,42597
2023-03-20,6380,41765
2023-03-21,6453,34984
2023-03-22,6021,33641
2023-03-23,6214,31538
2023-03-24,6615,32850
2023-03-25,6409,34349
2023-03-26,6876,37506
2023-03-27,7841,46482
2023-03-28,7566,44449
2023-03-29,7101,38893
2023-03-30,8134,42871
2023-03-31,6560,36120
2023-04-01,6116,34937
2023-04-02,6959,36037
2023-04-03,7825,36256
2023-04-04,7527,41073
2023-04-05,5948,35036
2023-04-06,6045,34659
2023-04-07,6459,30540
2023-04-08,6404,29585
2023-04-09,6234,32524
2023-04-10,6893,33774
2023-04-11,6726,34921
2023-04-12,7235,80781
2023-04-13,6917,51827
2023-04-14,6292,42741
2023-04-15,5822,42782
2023-04-16,6211,39103
2023-04-17,6850,51933
2023-04-18,7194,115193
2023-04-19,8955,85652
2023-04-20,11589,85747
2023-04-21,10415,77733
2023-04-22,8824,57751
2023-04-23,8273,57266
2023-04-24,8333,60524
2023-04-25,7724,50427
2023-04-26,7689,37754
2023-04-27,7210,34015
2023-04-28,7033,31744
2023-04-29,10123,71322
2023-04-30,7979,51846
2023-05-01,7314,44405
2023-05-02,7454,38430
2023-05-03,7180,35732
2023-05-04,7278,37099
2023-05-05,6967,37180
2023-05-06,6764,46154
2023-05-07,7309,53390
2023-05-08,7515,46167
2023-05-09,7500,42133
2023-05-10,7437,38376
2023-05-11,7369,39142
2023-05-12,8297,48971
2023-05-13,6860,41913
2023-05-14,6939,36474
2023-05-15,7279,37161
2023-05-16,7977,45775
2023-05-17,8921,61926
2023-05-18,8123,50910
2023-05-19,7640,42933
2023-05-20,6910,37583
2023-05-21,7408,38140
2023-05-22,7421,37177
2023-05-23,7531,47304
2023-05-24,7302,59200
2023-05-25,7538,51878
2023-05-26,8839,45110
2023-05-27,6755,36468
2023-05-28,6476,34589
2023-05-29,6853,37510
2023-05-30,7299,35383
2023-05-31,7275,37013
2023-06-01,7866,46220
2023-06-02,8157,48064
2023-06-03,7361,37707
2023-06-04,7444,37020
2023-06-05,7568,35685
2023-06-06,7308,32513
2023-06-07,7921,31992
2023-06-08,8166,32576
2023-06-09,7956,34676
2023-06-10,6675,33705
2023-06-11,6474,37481
2023-06-12,7549,32513
2023-06-13,8307,31979
2023-06-14,7341,33364
2023-06-15,7148,33519
2023-06-16,6755,35010
2023-06-17,7650,33565
2023-06-18,7144,35663
2023-06-19,6741,35104
2023-06-20,6953,33920
2023-06-21,10159,61342
2023-06-22,8400,68168
2023-06-23,7901,66702
2023-06-24,6546,49751
2023-06-25,6787,45158
2023-06-26,7124,46452
2023-06-27,6784,39254
2023-06-28,7460,56539
2023-06-29,6387,44216
2023-06-30,6355,37955
2023-07-01,6894,48848
2023-07-02,8697,67296
2023-07-03,8813,46582
2023-07-04,7836,40739
2023-07-05,7102,38442
2023-07-06,7420,52530
2023-07-07,7899,58311
2023-07-08,7527,47049
2023-07-09,7777,42460
2023-07-10,7817,44401
2023-07-11,7629,44391
2023-07-12,7785,49660
2023-07-13,8713,48125
2023-07-14,19286,43397
2023-07-15,13154,40276
2023-07-16,8685,43314
2023-07-17,8364,38728
2023-07-18,8690,35584
2023-07-19,9072,33550
2023-07-20,9702,34703
2023-07-21,8132,34422
2023-07-22,7633,29841
2023-07-23,8803,50017
2023-07-24,15850,113365
2023-07-25,12960,93441
2023-07-26,10231,62562
2023-07-27,10357,52089
2023-07-28,9845,76637
2023-07-29,10026,68614
2023-07-30,10792,69818
2023-07-31,11005,72738
2023-08-01,10722,66282
2023-08-02,10173,50228
2023-08-03,11664,44066
2023-08-04,14450,42768
2023-08-05,9672,42329
2023-08-06,8309,52479
2023-08-07,9907,54708
2023-08-08,10266,48344
2023-08-09,9297,46801
2023-08-10,8255,44211
2023-08-11,7644,44378
2023-08-12,7313,43847
2023-08-13,7173,40641
2023-08-14,7447,40867
2023-08-15,7981,38196
2023-08-16,8295,37891
2023-08-17,8555,36210
2023-08-18,8646,39240
2023-08-19,8429,36840
2023-08-20,8864,35777
2023-08-21,9690,34439
2023-08-22,8022,36646
2023-08-23,9134,41071
2023-08-24,8825,38092
2023-08-25,7652,36356
2023-08-26,6862,35311
2023-08-27,6946,35285
2023-08-28,6983,37075
2023-08-29,6986,38057
2023-08-30,7849,31569
2023-08-31,8898,32960
2023-09-01,10307,41996
2023-09-02,7756,37047
2023-09-03,7770,34634
2023-09-04,7940,33918
2023-09-05,8727,35690
2023-09-06,11407,36474
2023-09-07,9635,46814
2023-09-08,7766,51753
2023-09-09,6809,51737
2023-09-10,8006,139919
2023-09-11,8496,121289
2023-09-12,8966,94939
2023-09-13,8759,75215
2023-09-14,8596,68418
2023-09-15,8743,55547
2023-09-16,10863,50487
2023-09-17,9161,52346
2023-09-18,9481,58533
2023-09-19,9379,58654
2023-09-20,8761,49682
2023-09-21,8569,45972
2023-09-22,7811,43808
2023-09-23,7358,39419
2023-09-24,7681,38320
2023-09-25,7806,37790
2023-09-26,8434,40203
2023-09-27,9238,38839
2023-09-28,7696,38121
2023-09-29,7943,54622
2023-09-30,8088,47216
2023-10-01,9510,40795
2023-10-02,10981,42872
2023-10-03,9366,51011
2023-10-04,8560,54012
2023-10-05,8805,46788
2023-10-06,10295,41428
2023-10-07,8540,35751
2023-10-08,7067,33612
2023-10-09,7580,32725
2023-10-10,7910,33378
2023-10-11,7816,43907
2023-10-12,7679,36786
2023-10-13,7381,32850
2023-10-14,8132,29322
2023-10-15,8170,29722
2023-10-16,8939,28785
2023-10-17,8850,28943
2023-10-18,9658,30145
2023-10-19,9845,29147
2023-10-20,8945,27490
2023-10-21,7017,26292
2023-10-22,8200,40335
2023-10-23,9282,60171
2023-10-24,8472,60309
2023-10-25,7916,38037
2023-10-26,7845,32797
2023-10-27,7225,34851
2023-10-28,6777,48600
2023-10-29,6807,48877
2023-10-30,7323,35873
2023-10-31,7061,33113
2023-11-01,7916,54292
2023-11-02,7336,51618
2023-11-03,7276,61583
2023-11-04,6761,52234
2023-11-05,6819,40806
2023-11-06,7499,36162
2023-11-07,7345,33188
2023-11-08,7756,34166
2023-11-09,7716,48635
2023-11-10,6900,43850
2023-11-11,6644,36016
2023-11-12,6749,35974
2023-11-13,7405,36125
2023-11-14,7499,34696
2023-11-15,7119,33020
2023-11-16,7029,37941
2023-11-17,7311,51360
2023-11-18,7966,138537
2023-11-19,7973,112807
2023-11-20,8573,62335
2023-11-21,8007,48641
2023-11-22,8385,47476
2023-11-23,7491,43438
2023-11-24,8520,42330
2023-11-25,6913,39821
2023-11-26,7035,39173
2023-11-27,9010,69399
2023-11-28,8135,67093
2023-11-29,7934,59047
2023-11-30,10801,101322
2023-12-01,13601,71048
2023-12-02,12502,53235
2023-12-03,9306,55912
2023-12-04,8653,44875
2023-12-05,8817,40511
2023-12-06,8577,38134
2023-12-07,8062,37019
2023-12-08,8176,36033
2023-12-09,7347,33807
2023-12-10,7724,38821
2023-12-11,8264,38647
2023-12-12,7732,35455
2023-12-13,9778,34603
2023-12-14,9283,34391
2023-12-15,7835,32046
2023-12-16,6788,32597
2023-12-17,7141,34829
2023-12-18,9388,39600
2023-12-19,9069,34280
2023-12-20,8476,30795
2023-12-21,7557,29725
2023-12-22,7131,27278
2023-12-23,7268,26919
2023-12-24,6158,26600
2023-12-25,6081,28505
2023-12-26,6499,29850
2023-12-27,7316,30409
2023-12-28,7792,29889
2023-12-29,10392,34071
2023-12-30,10129,34394
2023-12-31,7762,30227
2024-01-01,6345,30851
2024-01-02,8147,30521
2024-01-03,9462,30694
2024-01-04,7843,31295
2024-01-05,7516,30658
2024-01-06,6929,29469
2024-01-07,7239,32705
2024-01-08,7414,32299
2024-01-09,8563,33286
2024-01-10,9329,37767
2024-01-11,8382,32884
2024-01-12,8237,29872
2024-01-13,7557,27447
2024-01-14,8823,28784
2024-01-15,8491,30146
2024-01-16,10826,31772
2024-01-17,10922,34446
2024-01-18,10268,31907
2024-01-19,9605,31368
2024-01-20,8640,88043
2024-01-21,9236,39447
2024-01-22,10284,37754
2024-01-23,9864,38968
2024-01-24,10559,34632
2024-01-25,10951,32983
2024-01-26,9233,30185
2024-01-27,7886,30250
2024-01-28,7909,30670
2024-01-29,8784,29937
2024-01-30,10158,48455
2024-01-31,15389,55585
2024-02-01,10850,41480
2024-02-02,9372,36749
2024-02-03,7879,35096
2024-02-04,8105,38192
2024-02-05,8344,39961
2024-02-06,7929,36877
2024-02-07,7997,37370
2024-02-08,7874,34541
2024-02-09,6904,32234
2024-02-10,6321,29741
2024-02-11,6690,30372
2024-02-12,7393,32319
2024-02-13,7623,29304
2024-02-14,7024,26791
2024-02-15,7538,28284
2024-02-16,6901,27301
2024-02-17,6055,25075
2024-02-18,6627,26213
2024-02-19,7384,26622
2024-02-20,7472,29254
2024-02-21,7251,30272
2024-02-22,7548,28675
2024-02-23,7502,28652
2024-02-24,6883,27497
2024-02-25,7291,30463
2024-02-26,8231,28671
2024-02-27,9461,28890
2024-02-28,8583,27570
2024-02-29,7656,27442
2024-03-01,7325,28741
2024-03-02,7146,29298
2024-03-03,7381,34930
2024-03-04,8576,36789
2024-03-05,8875,43113
2024-03-06,8884,44974
2024-03-07,8169,34907
2024-03-08,7483,29144
2024-03-09,6922,27428
2024-03-10,7410,29732
2024-03-11,7601,28475
2024-03-12,7556,27043
2024-03-13,7470,30133
2024-03-14,8475,38283
2024-03-15,7691,31782
2024-03-16,7079,29277
2024-03-17,6997,27992
2024-03-18,8220,31556
2024-03-19,7807,39943
2024-03-20,7518,32143
2024-03-21,7616,31894
2024-03-22,7110,27352
2024-03-23,6399,27276
2024-03-24,6483,28531
2024-03-25,6878,27988
2024-03-26,7379,29074
2024-03-27,7269,27220
2024-03-28,6801,25149
2024-03-29,6524,25789
2024-03-30,6294,24853
2024-03-31,6523,29177
2024-04-01,7051,25909
2024-04-02,8233,26837
2024-04-03,8887,26893
2024-04-04,8080,24525
2024-04-05,7844,25312
2024-04-06,6997,23585
2024-04-07,7005,25533
2024-04-08,7256,26963
2024-04-09,7557,26776
2024-04-10,7418,25386
2024-04-11,7963,27686
2024-04-12,7608,26749
2024-04-13,6906,24135
2024-04-14,6857,25442
2024-04-15,11700,32074
2024-04-16,13101,29939
2024-04-17,12792,30041
2024-04-18,10712,28333
2024-04-19,8844,26478
2024-04-20,8935,27411
2024-04-21,9121,28082
2024-04-22,11528,29183
2024-04-23,12118,31839
2024-04-24,11705,30289
2024-04-25,8680,26874
2024-04-26,8407,24785
2024-04-27,7688,24371
2024-04-28,8870,28947
2024-04-29,9240,28973
2024-04-30,9400,26458
2024-05-01,8205,24487
2024-05-02,8953,23645
2024-05-03,8284,23078
2024-05-04,7404,23400
2024-05-05,7172,24175
2024-05-06,7661,25151
2024-05-07,7422,24935
2024-05-08,7571,24489
2024-05-09,7292,23499
2024-05-10,6063,22112
2024-05-11,5529,19886
2024-05-12,5486,21180
2024-05-13,6185,22763
2024-05-14,6133,21029
2024-05-15,6034,20389
2024-05-16,6214,20024
2024-05-17,6135,19732
2024-05-18,5227,19027
2024-05-19,5471,23067
2024-05-20,6429,24253
2024-05-21,6756,22835
2024-05-22,5936,21714
2024-05-23,6090,21530
2024-05-24,5523,21757
2024-05-25,5040,20259
2024-05-26,5534,20032
2024-05-27,6338,21530
2024-05-28,6257,22441
2024-05-29,6220,23297
2024-05-30,6081,24011
2024-05-31,5387,21716
2024-06-01,5155,20184
2024-06-02,5257,20639
2024-06-03,5848,19928
2024-06-04,5654,20191
2024-06-05,5623,24446
2024-06-06,5744,23143
2024-06-07,6230,21756
2024-06-08,5592,20694
2024-06-09,5718,21622
2024-06-10,6245,22836
2024-06-11,6365,25744
2024-06-12,7495,28534
2024-06-13,8207,35599
2024-06-14,9389,36714
2024-06-15,6570,25074
2024-06-16,6063,26153
2024-06-17,6162,29938
2024-06-18,6160,23878
2024-06-19,6174,23075
2024-06-20,5753,21784
2024-06-21,5367,24494
2024-06-22,5126,35738
2024-06-23,5858,56401
2024-06-24,6384,121853
2024-06-25,5950,94393
2024-06-26,6006,68755
2024-06-27,5768,48108
2024-06-28,4910,41536
2024-06-29,4656,31588
2024-06-30,4788,27871
2024-07-01,5286,25686
2024-07-02,5852,23953
2024-07-03,7399,23238
2024-07-04,6472,24849
2024-07-05,5736,24194
2024-07-06,4984,24929
2024-07-07,5133,25029
2024-07-08,5249,22471
2024-07-09,5551,21480
2024-07-10,7099,23178
2024-07-11,5976,23817
2024-07-12,5742,26893
2024-07-13,5573,32341
2024-07-14,5115,40350
2024-07-15,5287,30570
2024-07-16,6343,45698
2024-07-17,6902,51968
2024-07-18,5904,36997
2024-07-19,6251,34540
2024-07-20,6358,34323
2024-07-21,5283,35868
2024-07-22,5715,53159
2024-07-23,6866,137766
2024-07-24,8497,94085
2024-07-25,7599,81021
2024-07-26,6116,98289
2024-07-27,5510,65865
2024-07-28,5442,55527
2024-07-29,5882,47119
2024-07-30,6173,44477
2024-07-31,5733,39675
2024-08-01,4849,38615
2024-08-02,4677,36258
2024-08-03,4798,38611
2024-08-04,4796,35459
2024-08-05,5082,40080
2024-08-06,5402,66105
2024-08-07,5273,60604
2024-08-08,5377,48786
2024-08-09,5103,43848
2024-08-10,4797,42091
2024-08-11,4756,39292
2024-08-12,5390,53923
2024-08-13,7844,130244
2024-08-14,7312,73819
2024-08-15,5304,48098
2024-08-16,5151,44632
2024-08-17,4717,41623
2024-08-18,4850,40705
2024-08-19,5158,37231
2024-08-20,5647,40305
2024-08-21,16125,38128
2024-08-22,8997,33489
2024-08-23,5587,33278
2024-08-24,4971,34666
2024-08-25,5420,37719
2024-08-26,6014,37106
2024-08-27,6032,34843
2024-08-28,5765,31238
2024-08-29,5591,31284
2024-08-30,5507,32809
2024-08-31,4995,35087
2024-09-01,5548,32003
2024-09-02,5904,35096
2024-09-03,6443,35839
2024-09-04,6154,31482
2024-09-05,5811,41227
2024-09-06,5638,38042
2024-09-07,5206,31438
2024-09-08,5399,34462
2024-09-09,6226,36433
2024-09-10,6494,39136
2024-09-11,6297,50014
2024-09-12,6215,50033
2024-09-13,5885,41734
2024-09-14,5149,36050
2024-09-15,5475,38871
2024-09-16,6171,42359
2024-09-17,6414,46440
2024-09-18,6529,40844
2024-09-19,6166,38274
2024-09-20,6172,37287
2024-09-21,5985,35731
2024-09-22,6148,34965
2024-09-23,6247,32650
2024-09-24,6083,33409
2024-09-25,6038,34112
2024-09-26,6288,39181
2024-09-27,5550,30289
2024-09-28,5012,28176
2024-09-29,5192,33541
2024-09-30,5457,31907
2024-10-01,5549,28485
2024-10-02,5679,27922
2024-10-03,5575,29054
2024-10-04,5594,30896
2024-10-05,5219,65343
2024-10-06,6900,123661
2024-10-07,6626,84171
2024-10-08,6626,77054
2024-10-09,6349,58407
2024-10-10,6868,45126
2024-10-11,11514,57055
2024-10-12,8904,52130
2024-10-13,9621,74085
2024-10-14,10444,89349
2024-10-15,9639,77518
2024-10-16,8858,72497
2024-10-17,8183,65996
2024-10-18,7764,75860
2024-10-19,6779,70116
2024-10-20,7355,85653
2024-10-21,8299,88497
2024-10-22,7718,84920
2024-10-23,8210,79682
2024-10-24,9081,69226
2024-10-25,9064,80803
2024-10-26,7289,75354
2024-10-27,7349,128005
2024-10-28,8370,138544
2024-10-29,7581,100576
2024-10-30,7700,93990
2024-10-31,7530,91599
2024-11-01,6884,98446
2024-11-02,7090,94435
2024-11-03,7565,81512
2024-11-04,8401,87374
2024-11-05,9076,138450
2024-11-06,11910,277589
2024-11-07,12558,269120
2024-11-08,13019,229619
2024-11-09,11714,218818
2024-11-10,11458,192850
2024-11-11,11980,172094
2024-11-12,12572,154046
2024-11-13,16512,359984
2024-11-14,13884,235853
2024-11-15,11086,179690
2024-11-16,9186,136170
2024-11-17,10838,153303
2024-11-18,10240,119900
2024-11-19,10417,123915
2024-11-20,12069,124166
2024-11-21,12146,108436
2024-11-22,10624,88181
2024-11-23,9158,85399
2024-11-24,10385,89907
2024-11-25,9937,84758
2024-11-26,9575,78454
2024-11-27,10449,76784
2024-11-28,8683,75192
2024-11-29,9629,79726
2024-11-30,8770,74150
2024-12-01,8672,66844
2024-12-02,9943,58527
2024-12-03,12069,61560
2024-12-04,10817,52090
2024-12-05,8778,63007
2024-12-06,9180,79910
2024-12-07,8880,67000
2024-12-08,7514,59247
2024-12-09,8086,53650
2024-12-10,8467,51550
2024-12-11,9060,54948
2024-12-12,9223,78410
2024-12-13,8539,70171
2024-12-14,7555,61999
2024-12-15,8701,73297
2024-12-16,9491,58885
2024-12-17,8880,59059
2024-12-18,8492,65595
2024-12-19,8556,100367
2024-12-20,9157,136246
2024-12-21,8466,121977
2024-12-22,8187,107255
2024-12-23,8414,107920
2024-12-24,7779,81838
2024-12-25,7490,77937
2024-12-26,8145,79741
2024-12-27,9086,98426
2024-12-28,16465,108659
2024-12-29,12414,104179
2024-12-30,11816,80339
2024-12-31,9712,76582
2025-01-01,9543,87934
2025-01-02,12708,87340
2025-01-03,10335,85564
2025-01-04,8605,79879
2025-01-05,9113,109020
2025-01-06,9974,122544
2025-01-07,10412,126702
2025-01-08,9972,118285
2025-01-09,9409,95768
2025-01-10,9743,91342
2025-01-11,8309,82166
2025-01-12,7895,78358
2025-01-13,8603,74209
2025-01-14,8372,75508
2025-01-15,8372,68070
2025-01-16,8297,72489
2025-01-17,8540,82866
2025-01-18,7506,78224
2025-01-19,7774,104674
2025-01-20,11001,350329
2025-01-21,16321,512817
2025-01-22,15056,364970
2025-01-23,13806,289067
2025-01-24,12015,195802
2025-01-25,9963,162256
2025-01-26,10395,163247
2025-01-27,10227,128001
2025-01-28,9825,116238
2025-01-29,9498,105966
2025-01-30,9418,96942
2025-01-31,9327,88091
2025-02-01,8404,91066
2025-02-02,9063,104477
2025-02-03,10101,163923
2025-02-04,9405,192811
2025-02-05,9634,185532
2025-02-06,11207,202136
2025-02-07,10859,192150
2025-02-08,9369,192247
2025-02-09,9147,176645
2025-02-10,8709,135946
2025-02-11,10510,211105
2025-02-12,11719,393980
2025-02-13,11616,316432
2025-02-14,9841,257341
2025-02-15,10059,339534
2025-02-16,10386,312209
2025-02-17,10044,216984
2025-02-18,11564,214937
2025-02-19,13105,253786
2025-02-20,14122,194591
2025-02-21,10238,183104
2025-02-22,9508,159877
2025-02-23,10659,199340
2025-02-24,11870,178321
2025-02-25,11156,168988
2025-02-26,13269,178695
2025-02-27,12079,165022
2025-02-28,11483,125691
2025-03-01,13280,217618
2025-03-02,13197,205484
2025-03-03,13193,140902
2025-03-04,13212,123155
2025-03-05,12836,155852
2025-03-06,12596,114867
2025-03-07,14117,115774
2025-03-08,11082,102490
2025-03-09,13889,97501
2025-03-10,15632,100074
2025-03-11,23534,126726
2025-03-12,22889,118612
2025-03-13,17207,95673
2025-03-14,13767,84686
2025-03-15,12127,91227
2025-03-16,14549,92034
2025-03-17,17596,79094
2025-03-18,18767,83199
2025-03-19,19191,130668
2025-03-20,20325,107069
2025-03-21,20496,107468
2025-03-22,20518,93524
2025-03-23,16410,91723
2025-03-24,15341,80654
2025-03-25,14011,66373
2025-03-26,13397,61799
2025-03-27,14800,58589
2025-03-28,13275,66227
2025-03-29,10372,76552
2025-03-30,9517,70217
2025-03-31,10919,73109
2025-04-01,10666,72875
2025-04-02,12115,81273
2025-04-03,10170,66772
2025-04-04,8592,55125
2025-04-05,7352,51007
2025-04-06,8019,60847
2025-04-07,8341,53229
2025-04-08,7774,53914
2025-04-09,7125,49974
2025-04-10,6269,42921
2025-04-11,5966,38111
2025-04-12,5044,36006
2025-04-13,5241,38151
2025-04-14,5418,34284
2025-04-15,5126,33787
2025-04-16,5507,41539
2025-04-17,5264,46268
2025-04-18,4899,40520
2025-04-19,4510,36361
2025-04-20,4508,37710
2025-04-21,5144,35792
2025-04-22,6582,34364
2025-04-23,8556,40875
2025-04-24,6220,34202
2025-04-25,5317,29981
2025-04-26,4515,25677
2025-04-27,8042,25848
2025-04-28,5116,26538
2025-04-29,5100,26469
2025-04-30,5015,28098
2025-05-01,10211,34575
2025-05-02,6260,31778
2025-05-03,4704,28376
2025-05-04,4983,32554
2025-05-05,5452,29154
2025-05-06,5697,27488
2025-05-07,4830,24491
2025-05-08,4608,24783
2025-05-09,4383,26060
2025-05-10,10850,26335
2025-05-11,4622,25889
2025-05-12,4800,27693
2025-05-13,5379,30546
2025-05-14,5331,29245
2025-05-15,4736,26450
2025-05-16,4512,25110
2025-05-17,4559,23620
2025-05-18,4529,23173
2025-05-19,5162,24355
2025-05-20,4644,27836
2025-05-21,4980,32889
2025-05-22,4758,32963
2025-05-23,4936,26797
2025-05-24,4395,25420
2025-05-25,4448,24902
2025-05-26,4607,24056
2025-05-27,4957,25079
2025-05-28,4852,30503
2025-05-29,5679,71483
2025-05-30,4979,67830
2025-05-31,4444,62734
2025-06-01,3920,48309
2025-06-02,4227,37073
2025-06-03,4457,39745
2025-06-04,4543,45256
2025-06-05,6691,101880
2025-06-06,10359,209111
2025-06-07,6824,123913
2025-06-08,6141,86858
2025-06-09,6061,62579
2025-06-10,5647,48578
2025-06-11,4977,45176
2025-06-12,4282,37613
2025-06-13,4400,31474
2025-06-14,4727,29824
2025-06-15,5645,31358
2025-06-16,4927,28337
2025-06-17,4620,27090
2025-06-18,4223,27892
2025-06-19,4533,29470
2025-06-20,4423,26522
2025-06-21,3949,23830
2025-06-22,3909,24382
2025-06-23,4436,24025
2025-06-24,4272,23008
2025-06-25,4360,24170
2025-06-26,4541,23826
2025-06-27,3846,24202
2025-06-28,3770,30934
2025-06-29,3880,29972
2025-06-30,3730,24165
2025-07-01,4570,64790
2025-07-02,4497,57962
2025-07-03,3823,32685
2025-07-04,3331,28328
2025-07-05,3349,35425
2025-07-06,4186,76894
2025-07-07,5252,54318
2025-07-08,4691,37188
2025-07-09,4268,32072
2025-07-10,4207,28311
2025-07-11,4231,25637
2025-07-12,3674,27596
2025-07-13,3446,25819
2025-07-14,5078,23662
2025-07-15,8852,25052
2025-07-16,7070,23378
2025-07-17,5644,22186
2025-07-18,5380,20184
2025-07-19,5013,19564
2025-07-20,5387,20193
2025-07-21,5574,26059
2025-07-22,4979,22730
2025-07-23,5473,20946
2025-07-24,5649,21618
2025-07-25,4388,29152
2025-07-26,3766,18941
2025-07-27,3934,20180
2025-07-28,4513,20678
2025-07-29,4652,19989
2025-07-30,4267,20218
2025-07-31,4319,19416
2025-08-01,4179,18566
2025-08-02,3858,18342
2025-08-03,3551,18225
2025-08-04,6068,21171
2025-08-05,5341,22484
2025-08-06,4366,20163
2025-08-07,4228,20133
2025-08-08,4126,20538
2025-08-09,3396,18928
2025-08-10,3928,20266
2025-08-11,4518,19788
2025-08-12,4515,20148
2025-08-13,4405,20515
2025-08-14,4569,18925
2025-08-15,3745,18617
2025-08-16,3578,17754
2025-08-17,3460,18090
2025-08-18,3769,18521
2025-08-19,3787,18438
2025-08-20,5662,19942
2025-08-21,4259,18322
2025-08-22,3910,19230
2025-08-23,4310,18393
2025-08-24,4661,18787
2025-08-25,4009,19307
2025-08-26,3939,18982
2025-08-27,3911,20261
2025-08-28,3683,18137
2025-08-29,3622,17343
2025-08-30,3289,17217
2025-08-31,3281,17408
2025-09-01,3534,17302
2025-09-02,3702,17297
2025-09-03,3617,19512
2025-09-04,3613,18633
2025-09-05,6502,22331
2025-09-06,5544,21087
2025-09-07,4369,19562
2025-09-08,4703,19256
2025-09-09,5137,18445
2025-09-10,5057,25392
2025-09-11,4100,27465
2025-09-12,3945,22018
2025-09-13,3145,24562
2025-09-14,3424,29029
2025-09-15,4707,27357
2025-09-16,4433,24009
2025-09-17,4672,21896
2025-09-18,5661,20288
2025-09-19,5344,18723
2025-09-20,4800,18976
2025-09-21,4330,23205
2025-09-22,4849,30584
2025-09-23,4604,28058
2025-09-24,4343,25053
2025-09-25,4382,24051
2025-09-26,4033,24052
2025-09-27,3661,22068
2025-09-28,3547,18712
2025-09-29,3900,18652
2025-09-30,3696,18245
2025-10-01,3814,19906
2025-10-02,5302,32271
2025-10-03,4779,28084
2025-10-04,3717,22312
2025-10-05,3599,20758
2025-10-06,4165,21766
2025-10-07,4320,21958
2025-10-08,4144,19837
2025-10-09,4240,20839
2025-10-10,4572,18940
2025-10-11,4155,20634
2025-10-12,3707,18694
2025-10-13,5570,18302
2025-10-14,4811,19790
2025-10-15,4491,18603
2025-10-16,3520,17516
2025-10-17,3297,17206
2025-10-18,2925,17023
2025-10-19,3219,18254
2025-10-20,3523,16926
2025-10-21,3519,20964
2025-10-22,4152,18538
2025-10-23,4294,18978
2025-10-24,3549,20571
2025-10-25,3050,16700
2025-10-26,3350,18762
2025-10-27,4152,19194
2025-10-28,4752,24767
2025-10-29,4219,21893
2025-10-30,4091,21098
2025-10-31,4430,20256
2025-11-01,3073,20057
2025-11-02,3268,19925
2025-11-03,4134,22975
2025-11-04,4377,23169
2025-11-05,4436,23148
2025-11-06,5892,27096
2025-11-07,11597,49137
2025-11-08,6708,33467
2025-11-09,4786,26057
2025-11-10,4517,23829
2025-11-11,4399,22478
2025-11-12,4066,21425
2025-11-13,3924,21336
2025-11-14,3742,24363
2025-11-15,3339,21786
2025-11-16,3438,21529
2025-11-17,3798,23326
2025-11-18,3871,23307
2025-11-19,3932,22802
2025-11-20,3959,22788
2025-11-21,3677,22602
2025-11-22,3395,21854
2025-11-23,3456,20850
2025-11-24,3527,21902
2025-11-25,3533,21106
2025-11-26,3815,18398
2025-11-27,3422,18010
2025-11-28,3289,18613
2025-11-29,2821,18258
2025-11-30,3309,27431
2025-12-01,4289,60829
2025-12-02,3657,43226
2025-12-03,3636,31729
2025-12-04,3539,26829
2025-12-05,3393,23123
2025-12-06,3291,21883
2025-12-07,3303,22531
2025-12-08,3787,22960
2025-12-09,3628,20571
2025-12-10,3478,23452
2025-12-11,4354,22697
2025-12-12,8659,27300
2025-12-13,6638,21158
2025-12-14,8438,20969
2025-12-15,8790,21476
2025-12-16,9400,28048
2025-12-17,9552,27740
2025-12-18,8625,25309
2025-12-19,9155,25199
2025-12-20,9046,27070
2025-12-21,9605,34728
2025-12-22,8893,32418
2025-12-23,9172,28856
2025-12-24,8985,25428
2025-12-25,9434,23802
2025-12-26,9276,24459
2025-12-27,10577,29490
2025-12-28,11020,23705
2025-12-29,9784,24787
2025-12-30,9584,24317
2025-12-31,7819,20876
2026-01-01,8937,22028
2026-01-02,9242,23998
2026-01-03,7087,25918
2026-01-04,5114,22465
2026-01-05,5242,22146
2026-01-06,4714,22739
2026-01-07,4273,21910
2026-01-08,4791,27666
2026-01-09,5938,30816
2026-01-10,5769,27132
2026-01-11,5722,27204
2026-01-12,6035,30809
2026-01-13,6767,33485
2026-01-14,7442,27081
2026-01-15,5924,33663
2026-01-16,5958,31167
2026-01-17,6063,33570
2026-01-18,5810,26789
2026-01-19,6192,25433
2026-01-20,6175,26551
2026-01-21,5782,25144
2026-01-22,3725,25874
2026-01-23,4094,26448
2026-01-24,4064,24639
2026-01-25,4163,23506
2026-01-26,3422,22054
2026-01-27,4237,23304
2026-01-28,4191,22811
2026-01-29,10992,22781
2026-01-30,7019,24399
2026-01-31,4856,36407
2026-02-01,4228,36331
2026-02-02,4888,36693
2026-02-03,5055,41565
2026-02-04,4794,43674
2026-02-05,5408,41927
2026-02-06,4047,31570
2026-02-07,3520,28869
2026-02-08,3273,24980
2026-02-09,3791,25423
2026-02-10,3769,24829
2026-02-11,3764,25494
2026-02-12,3728,22589
2026-02-13,3481,20423
2026-02-14,2829,19199
2026-02-15,2845,19478
2026-02-16,3184,22091
2026-02-17,3359,20264
2026-02-18,3293,20868
2026-02-19,3258,20100
2026-02-20,3353,20742
2026-02-21,3049,19324
2026-02-22,2985,19334
2026-02-23,3417,19300
2026-02-24,3650,20348
2026-02-25,3325,18539
2026-02-26,3372,18945
2026-02-27,3414,19357
2026-02-28,2718,17058
2026-03-01,2641,17052
2026-03-02,3322,17816
2026-03-03,3507,16448
2026-03-04,3047,18716
2026-03-05,3066,16780
2026-03-06,2960,16664
2026-03-07,3039,15777
2026-03-08,2909,16041
2026-03-09,3642,16966
2026-03-10,4233,17185
2026-03-11,3319,19160
2026-03-12,3453,18553
2026-03-13,3263,17740
2026-03-14,2924,15833
2026-03-15,2948,17349
2026-03-16,3299,16200
2026-03-17,3226,16257
2026-03-18,3600,15925
2026-03-19,4107,17282
2026-03-20,3387,20124
2026-03-21,2908,27857
2026-03-22,3048,22102
2026-03-23,3468,19770
2026-03-24,3479,19509
2026-03-25,4195,18530
2026-03-26,3296,18113
2026-03-27,3093,16779
2026-03-28,3022,19053
2026-03-29,3233,17359
2026-03-30,3466,16688
2026-03-31,3482,16060
2026-04-01,3751,17672
2026-04-02,3644,18891
2026-04-03,3596,16933
2026-04-04,2887,15688
2026-04-05,2875,15436
2026-04-06,3146,17087
2026-04-07,3265,16031
2026-04-08,3193,14572
2026-04-09,3318,15214
2026-04-10,3328,16085
2026-04-11,3066,17558
2026-04-12,3026,16375
2026-04-13,3071,17844
2026-04-14,3230,16402
2026-04-15,3711,17442
2026-04-16,3251,16064
2026-04-17,3857,15339
2026-04-18,3039,15404
2026-04-19,3384,15426
2026-04-20,3721,16233
2026-04-21,4151,15611
